1792,"RCA | mzone766 | INC11169750 - Cluster exceeded 80% of the overprovisioning percentage mzone766","OPEN"
1791,"CIE: RCA |  BNPP_EU REGION.... | [stg-backup-sysdig-004] Backup service cronjob delayed","OPEN"
1790,"RCA | WDC Staging mzone766  |  Storage volume action error pending","OPEN"
1789,"RCA | WDC PROD | Increased latency for Share Provisioning Operation","OPEN"
1788,"RCA | LON PROD | Observed share orchestration failure for create flow.","OPEN"
1787,"RCA | IBM Yellow Staging 1 (YS1) STAGING - mzone716 | Storage volume action error failed percent","OPEN"
1786,"RCA | DAL STG mzone716 | Synthetic Provisioning: No successful build found in last 3 builds disabling cron job","OPEN"
1785,"RCA | IN-MUM PROD | Regional file pod is in crashloopbackoff","OPEN"
1784,"RCA | TOK PROD mzone2f7 | hydrate-operation-compute-action-failure & hydrate-operation-cos-action-failure","OPEN"
1783,"RCA | TOR & WDC PRD | Nginx ingress controller emitting 5xx error for regional-storage service","OPEN"
1782,"RCA | DAL | Multiple regional Snapshot pod restarts","OPEN"
1781,"RCA | FRA mzone2c7 | Hydrate COS Action failure","OPEN"
1780,"RCA | FRA, 2c7 | Hydrate COS Action failure","OPEN"
1779,"RCA | SAO05 mzone2v7 | Regional file pod is in crashloopbackoff","OPEN"
1778,"RCA | DAL Staging| mzoneb11 | NFS related ceph health Flapping ","OPEN"
1777,"RCA | TOR | Nginx ingress controller emitting 5xx error for regional-storage service","OPEN"
1776,"RCA | DAL Staging| Storage volume action error failed percent","OPEN"
1775,"RCA | OSA mzone2n7| Synthetic Provisioning: Share not deleted, after waiting for 10 minutes","OPEN"
1774,"RCA | LON mzonec81 | Ceph Health Warn and CEPHADM Host Check Failed","OPEN"
1773,"RCA | DAL mzone737 | storage-agent pods not ready","OPEN"
1771,"RCA | DAL staging mzone716 | Storage pool updates are delayed","OPEN"
1770,"RCA | SAO, LON, SYD, OSA | Nginx ingress controller emitting 5xx error for regional-snapshot service","OPEN"
1769,"RCA | Washington DC (us-east) rias-ng-us-east-wdc07-prod | Increased latency for Share Provisioning Operation","OPEN"
1767,"RCA | DAL mzonep21, mzonep23 PROD | NIC card missing and interface down","OPEN"
1766,"RCA | WDC TOR  | storage-agent pods are not ready AND Observed Multiple Storage Agent Pods Not Ready","OPEN"
1763,"RCA | CA-MON mon3-qz1-sr3-rk162-s34/s50 | Regional file pod is in crashloopbackoff","OPEN"
1762,"RCA | SYD rias-ng-au-syd-syd01-prod | Nginx ingress controller emitting 5xx error for regional-file service","OPEN"
1761,"RCA | mzone2c7 | Hydrate COS Action Failure ","OPEN"
1759,"RCA | WDC, mzonep72 | Acadia node high memory utilization","OPEN"
1753,"RCA | WDC mzonep72 | Acadia node high memory utilization","OPEN"
1752,"RCA | WDC|DAL|OSA | Observed multiple REST-500 Snapshot failures - GET","OPEN"
1751,"RCA | DAL | DAL OOMkill Issue","OPEN"
1750,"RCA |  TOR Prod | storage-agent pods are not ready, Observed Multiple Storage Agent Pods Not Ready","OPEN"
1749,"RCA | NGDC-STG (mzone516, mzone526 and mzone536) | Pods out of memory (OOM)","OPEN"
1748," RCA | WDC mzonep75 | cluster capacity is more than 60 percent","OPEN"
1747,"RCA | US-SOUTH-STAGE-NGDC,mzoneb61 | Storage pool is offline","OPEN"
1746,"RCA |  US-SOUTH-STAGE-NGDC | Storage pool updates are delayed","OPEN"
1745,"RCA |  US-SOUTH-STAGE-NGDC | Storage pool is offline","OPEN"
1744,"RCA | WDC PROD | Increased latency for Share Delete Operation","OPEN"
1743,"RCA | DAL10 mzonep11 | cluster capacity is more than 60 percent","OPEN"
1742,"RCA | MAD mzonecw1 | Ceph Health Error mzonecw1","OPEN"
1741,"RCA | OSA mzonecn1 | Ceph health has been flapping","OPEN"
1740,"RCA | IN-CHE | [stg-backup-sysdig-004] Backup service cronjob delayed","OPEN"
1739,"RCA | DAL NGDC Staging | [stg-backup-sysdig-004] Backup service cronjob delayed","OPEN"
1738,"RCA | DAL NGDC-STG | Pod image pull backoff","OPEN"
1737,"RCA | SYD mzonech1 | ceph health warn","OPEN"
1736,"RCA | WDC mzone767 | Storage volume action error failed percent","OPEN"
1734,"RCA | MUM | Smoke Failure for Storage","OPEN"
1733,"RCA | TOK, mzone2e7| Observed latency in attaching volume","OPEN"
1732,"RCA | SYD, 2h7 | One of the KMIP pod is unavailable","OPEN"
1731,"RCA | NGDC stage mzoneb61 | Ceph health metric absent in mzoneb61 NGDC stage ","OPEN"
1730,"RCA | DAL staging | Synthetic Provisioning: Share Mount Target did not reach to stable state after waiting for 10 minutes","OPEN"
1729,"RCA | DAL mzonep11 | cluster capacity is more than 60 percent","OPEN"
1728,"RCA | DAL mzone727 | Storage volume action error failed percent","OPEN"
1727,"RCA | SYD mzonech1 | Ceph Health Warn mzonech1 due to MDS_CLIENT_LATE_RELEASE","OPEN"
1726,"RCA | DAL staging | Synthetic Provisioning: Share did not reach to stable state after waiting for 10 minutes","OPEN"
1725,"RCA | FRA mzone2b7 | Alert got triggered for the ICL view error_deleting_RBD_acadia_action_agent_eu-de","OPEN"
1724," RCA | BNPP | [stg-backup-icl-013] Instance backup job action failure","OPEN"
1723," RCA | WDC mzone767 | Observed event for Volume is stuck in pending state","OPEN"
1722,"RCA | us-south-dal10  | Observed initial REST-500 Snapshot failures - DELETE ","OPEN"
1721,"RCA | LON c81 | Synthetic Provisioning: Share Mount Target did not reach to stable state after waiting for 10 minutes","OPEN"
1720,"RCA | DAL (PROD) mzonep21 | Ceph Health Warn","OPEN"
1719,"RCA | WDC | Increased latency for Share Provisioning Operation","OPEN"
1718,"RCA | LON mzone2c7 | acadia-vault-agent's vault-agent sidecar timing out/error","OPEN"
1717,"RCA | OSA mzonepn1  | Ceph health has been flapping","OPEN"
1714,"RCA | WDC rias-ng-us-east-wdc06-prod | Observed event for Volume is stuck in pending state","OPEN"
1713,"RCA | JP-OSA mzone2n7 | ASANP net-block-agent memory utilization above 30G","OPEN"
1709,"RCA | MAD, WDC, TOK, FRA | Observed event for Volume is stuck in pending state","OPEN"
1708,"RCA | DAL staging | Share did not reach to stable state after waiting for 10 minutes","OPEN"
1702,"RCA | eu-gb mzone7a7,mzone797, mzone787 | Synthetic Provisioning: Share Mount Target did not reach to stable state after waiting for 10 minutes","OPEN"
1699,"RCA | DAL Prod | Observed Event for Regional Volume Failed","OPEN"
1698,"RCA | DAL mzone747 | Observed event for Volume is stuck in pending state","OPEN"
1697,"RCA | WDC mzone757 | Observed event for Volume is stuck in pending state","OPEN"
1696,"RCA | OSA mzone2n7 | Observed Event for Regional Volume Failed","OPEN"
1695,"RCA | mzone2b7 FRA | Blockcommit failure during compute action","OPEN"
1692,"RCA | DAL_STAGING | Synthetic Provisioning: No successful build found in last 3 builds disabling cron job.Enable the build manually to continue further after 45 minutes","OPEN"
1688,"RCA | MUM | External client returned 500 for regional file service, Observed Intial REST-500 Share failures","OPEN"
1687," RCA | DAL_STAGING, mzoneb11 | Ceph health flapping","OPEN"
1686,"RCA |  CHE che-2 | Hydrate COS Action failure","OPEN"
1685,"RCA | BNPP | [stg-backup-icl-015] Instance backup job action failure","OPEN"
1684,"RCA | FRA | Observed event for Volume is stuck in pending state","OPEN"
1683,"RCA | in-mum-prod01-zone3 | Customer snapshot failed - InternalError","OPEN"
1682,"RCA | OSA  | Observed latency in attaching volume.","OPEN"
1681,"RCA | SYD mzonech1 | Ceph Health Warn mzonech1","OPEN"
1677,"RCA | FRA mzone2b7 | Observed event for Volume is stuck in pending state","OPEN"
1676,"RCA | TOR mzone2r7  | ASANP net-block-agent memory utilization above 30G","OPEN"
1672,"RCA | TOR mzonepr1 |  Ceph health has been flapping","OPEN"
1671,"RCA | DAL mzonep32 | cluster capacity is more than 60 percent","OPEN"
1670,"RCA | WDC| Customer snapshot failed - InternalError","OPEN"
1669,"RCA | MUMBAI_Airtel| Observed event for Volume is stuck in pending state","OPEN"
1668,"RCA | SYD | Synthetic Provisioning: Share did not reach to stable state after waiting for 10 minutes","OPEN"
1667,"RCA | DAL staging , s12 | Acadia key provider server not running","OPEN"
1666,"RCA | mzone717  | Pod High Memory Usage Short Spike","OPEN"
1665,"RCA | IBM Yellow Staging | Backup service cronjob delayed","OPEN"
1664,"RCA | WDC mzone767 | Pod High Memory Usage Short Spike","OPEN"
1663,"RCA | Au-Syd mzonech1 | Ceph Health Warn mzonech1 ","OPEN"
1662,"RCA | DAL mzone717 | Pod High Memory Usage Short Spike","OPEN"
1661,"RCA | DAL mzonep22  | cluster capacity is more than 60 percent","OPEN"
1660,"RCA | LON mzonec81 | Ceph mon quorum is at risk","OPEN"
1659,"RCA | SYD mzonech1 | Acadia node network interface missing for regional cluster","OPEN"
1658,"RCA | BNPP Prod | SAP RISE - Volume Latency Issues","OPEN"
1657,"RCA | SAO regional | Synthetic provisioning failures and latency alerts","OPEN"
1656,"RCA | BNPP | Instance backup job action failure","OPEN"
1655,"RCA | FRA 2b7 | Blockcommit failure during compute action","OPEN"
1654,"RCA | DAL, mzone717 | Regional file pod is in crashloopbackoff","OPEN"
1652,"RCA | CHE che-02| Hydrate COS Action failure","OPEN"
1651,"RCA | SYD   | Increased latency for Share Delete Operation","OPEN"
1650,"RCA | SYD mzone2h7 | Share replica teardown failure","OPEN"
1649,"RCA | OSA, 2p7 |  Synthetic Provisioning: Configure and mount an NFS share on a VPC VSI","OPEN"
1648,"RCA | FRANKFRUT 2b7 | Hydrate COS Action failure","OPEN"
1647,"RCA | TOR mzone2r7 | ASANP net-block-agent memory utilization above 80%","OPEN"
1646,"RCA | N/A N/A | Share noretry failed","OPEN"
1644,"RCA | TOR ASANP net-block-agent memory utilization above 80%","OPEN"
1642,"RCA | SYD Synthetic Provisioning: Share did not updated, after waiting for 10 minutes","OPEN"
1641,"RCA | TOR mzoneps1 | Ceph health has been flapping","OPEN"
1640,"RCA | TOK, mzone2f7| Pod High CPU","OPEN"
1638,"RCA | DAL mzonep32 Ceph health has been flapping","OPEN"
1637,"RCA | DAL mzonep32 cluster capacity is more than 60 percent","OPEN"
1636,"RCA | BNPP mzone2k7 Pod High CPU","OPEN"
1635,"RCA | SYD01 mzoneph1 | OSD Host down ","OPEN"
1634,"RCA | CHE NFS Server not responding still trying","OPEN"
1633,"RCA | FRA [stg-backup-icl-022] Backup job failed to list snapshots","OPEN"
1632,"RCA | TOR, mzonepr1 | Ceph health warn ","OPEN"
1630,"RCA | WDC, mzone757,mzone767,mzone777 | Pod High CPU","OPEN"
1629,"RCA | BNPP INC11001929 - [stg-backup-icl-013] Instance backup job action failure","OPEN"
1628,"RCA | BNPP Regional file pod is in crashloopbackoff","OPEN"
1627,"RCA | BNPP INC11001932 - [stg-backup-icl-015] Instance backup job action failure - source volume is busy","OPEN"
1626,"RCA | FRA Pod High CPU","OPEN"
1625,"RCA | TOR Storage volume action error failed percent","OPEN"
1624,"RCA | Montreal (ca-mon)  |  Share deletion failure Zonal & Share volume deletion failure & Share noretry failed","OPEN"
1623,"RCA | TOR PROD  | Storage volume action error failed percent","OPEN"
1622,"RCA | Tor Prod mzonepr1 | Ceph health has been flapping","OPEN"
1621,"RCA | mzone767 WDC PROD | daemonset pods are not scheduled","OPEN"
1619,"RCA | DAL  | Observed Event for Regional Volume Failed","OPEN"
1618,"RCA | TOR mzonepq1 | Ceph health has been flapping","OPEN"
1617,"RCA | SYD mzonch1 | Ceph health has been flapping","OPEN"
1616,"RCA | ca-mon|  Backup service cronjob delayed","OPEN"
1614,"RCA | CHE Hydrate COS Action failure","OPEN"
1612,"RCA | BNPP RSOS Volume Locked due to snapshot","OPEN"
1611,"RCA | BNPP [stg-backup-icl-013] Instance backup job action failure","OPEN"
1610,"RCA | MAD Regional file pod is in crashloopbackoff","OPEN"
1609,"RCA | MON | Share noretry failed","OPEN"
1608,"RCA | CHE che-02| Hydrate COS Action failure","OPEN"
1607,"RCA | DAL, mzonep32 | More than 10% of OSD's are down","OPEN"
1606,"RCA | SYD - mzone2i7 | Storage volume action error failed percent","OPEN"
1605,"RCA | WDC - Staging | Alert got triggered for the ICL view error_deleting_RBD_acadia_action_agent_us-east-staging","OPEN"
1604,"RCA | LON - lon04 | Increased latency for Share Provisioning Operation","OPEN"
1603,"RCA | FRA, mzone2b7 | error_deleting_RBD_acadia_action_agent_eu-de","OPEN"
1602,"RCA | MUM  Zone2 |  NFS Server not responding still trying","OPEN"
1601,"RCA | TOR | Share replica snapshot creation failed","OPEN"
1600,"RCA | DAL Staging us-south-2 | Observed event for regional volume failed","OPEN"
1597,"RCA | WDC rias-ng-us-east-wdc07-prod | RSOS Volume Locked due to snapshot","OPEN"
1592,"RCA | DAL mzonep31 | Ceph health has been flapping","OPEN"
1591,"RCA | WDC Staging  |  error_uprotecting_snapshot_acadia_action_agent","OPEN"
1588,"RCA | FRA & BNPP | Regional snapshot pod is in crashloopbackoff","OPEN"
1583,"RCA | WDC mzones61 | Public network delayed OSD heartbeats followed by multiple alerts","OPEN"
1582,"RCA | Chennai Hydrate COS Action failure","OPEN"
1581,"RCA | FRA Alert got triggered for the ICL view error_deleting_RBD_acadia_action_agent_eu-de","OPEN"
1580,"RCA | WDC STAGING Alert got triggered for the ICL view error_deleting_RBD_acadia_action_agent_us-east-staging","OPEN"
1578,"RCA | MUM | External client returned 500 for regional file service","OPEN"
1577,"RCA |  mzone2x7 MADRID| RSOS Volume Locked due to zsnap_block_commit","OPEN"
1576,"RCA | FRANKFRUT 2b7 | Hydrate COS Action failure","OPEN"
1575,"RCA | mad02 | RSOS Volume Locked due to zsnap_block_commit","OPEN"
1574,"RCA | eu-es mad04 | Instance backup job action failure ","OPEN"
1573,"RCA | us-east-staging  | Alert got triggered for the ICL view error_uprotecting_snapshot_acadia_action_agent_us-east-staging","OPEN"
1572,"RCA | us-south mzonep31  | Ceph health has been flapping","OPEN"
1571,"RCA | SYD mzone2h7 | Blockcommit failure during compute action","OPEN"
1570,"RCA | eu-de | Alert got triggered for the ICL view error_deleting_RBD_acadia_action_agent_eu-de","OPEN"
1569,"RCA | NGDC wdc06  | Regional file pod is in crashloopbackoff ","OPEN"
1568,"RCA | SYD | Blockcommit failure during compute action","OPEN"
1567,"RCA | mzone2d7 | Blockcommit failure during compute action","OPEN"
1564,"RCA | mzone736  us-south  | Synthetic Provisioning: Configure and mount an NFS share on a VPC VSI","OPEN"
1562,"RCA | IBM Yellow Staging 1 (YS1) STAGING - mzone736 | storage-agent pods are not ready","OPEN"
1561,"RCA | BNPP_EU | storage-agent pods are not ready","OPEN"
1560,"RCA | OSA mzone2o7  | Pods out of memory (OOM)","OPEN"
1559,"RCA | eu-de cb1 | Ceph Health Warn mzonecb1","OPEN"
1558,"RCA | DAL Staging| Storage volume action error failed percent","OPEN"
1557,"RCA | DAL NGDC Staging | [stg-backup-sysdig-004] Backup service cronjob delayed","OPEN"
1556,"RCA | DAL NGDC Staging | Observed Intial REST-500 Share failures","OPEN"
1555,"RCA | FRA  |   Backup job action failure - snapshots_quota_exceeded","OPEN"
1554,"RCA | DAL STAG | Synthetic Provisioning: Share did not reach to stable state after waiting for 10 minutes","OPEN"
1553,"RCA | TOK mzonece1 | Acadia node network interface missing for regional cluster","OPEN"
1552,"RCA | mzone716 ca-tor | Alert got triggered for the ICL view error_deleting_RBD_acadia_action_agent_ca-tor-staging","OPEN"
1551,"RCA | FRA | Backup job action failure - snapshots_quota_exceeded","OPEN"
1547,"RCA | LON_PROD | Alert got triggered for the ICL view error_uprotecting_snapshot_acadia_action_agent_eu-gb","OPEN"
1545,"RCA | DAL | Increased latency for Share Provisioning Operation","OPEN"
1543,"RCA | eu-de mzone2d7 | Observed event for Mount Failed","OPEN"
1542,"RCA | eu-de mzone2b7  | storage-agent pods are not ready ","OPEN"
1541," RCA | eu-de mzone2b7 | Blockcommit failure during compute action ","OPEN"
1540,"RCA | eu-de  mzone2c7  | Blockcommit failure during compute action ","OPEN"
1539,"RCA | SYD mzonech1, Regional | ceph health flap in SYD mzonech1, MDS_SLOW_REQUEST","OPEN"
1538,"RCA | TOR - mzone2r7, mzone2s7 | storage-agent pods are not ready","OPEN"
1537,"RCA | Chennai | Hydrate COS Action failure","OPEN"
1536,"RCA | FRA - mzonepc1 | cluster capacity is more than 60 percent","OPEN"
1534,"RCA | FRA mzone2d7 | Observed latency in attaching volume","OPEN"
1533,"RCA | Staging mzoneu736 | storage-agent pods are not ready","OPEN"
1532,"RCA | BNPP mzone2c7 | Blockcommit failure during compute action","OPEN"
1530,"RCA | BNPP mzone2c7 | Blockcommit failure during compute action","OPEN"
1529,"RCA | BNPP mzone2l7 | Observed event for Mount Failed","OPEN"
1528,"RCA | FRA - mzonepc1 | cluster capacity is more than 60 percent","OPEN"
1527,"RCA | All Prod | snapshot restoration of encrypted Acadia boot volumes are failing","OPEN"
1526,"RCA | WDC - Staging s61 | Ceph Acadia cluster mzones61 have even Monitors","OPEN"
1525,"RCA | mzonep62 | Ceph Health Warn mzonep62 ","OPEN"
1524,"RCA | TOK mzonece1 Network Interface Is Missing","OPEN"
1523,"RCA | BNPP mzone2l7  | Blockcommit failure during compute action","OPEN"
1522,"RCA | madrid mzone2x7 | RSOS Volume Locked due to zsnap_block_commit","OPEN"
1521,"RCA | dallas mzone717 | daemonset pods are not scheduled","OPEN"
1520,"RCA | SAO mzonept1 | Ceph health has been flapping","OPEN"
1519,"RCA | WDC |  Storagevolume_failed_in_lock_acadia_snapshot_controller_wdc","OPEN"
1518,"RCA | Chennai | Hydrate COS Action failure ","OPEN"
1517,"RCA | SYD mzone2i7 | RSOS Volume Locked due to snapshot","OPEN"
1516,"RCA | Dallas NGDC Test STAGING | External client returned 500 for regional file service","OPEN"
1515,"RCA | DAL Staging | External client returned 500 for regional file service","OPEN"
1514," RCA | FRA | [stg-backup-icl-050] Backup job action failure - snapshots_quota_exceeded","OPEN"
1513,"RCA | LON mzone7a7 | Blockcommit failure during compute action","OPEN"
1512,"RCA | BNPP mzone2l7 | Blockcommit failure during compute action","OPEN"
1511,"RCA | Staging mzone736 | Customer snapshot failed - InternalError","OPEN"
1507,"RCA | PAR mzone2l7 | Observed event for Mount Failed","OPEN"
1506,"RCA | WDC mzone757 | Observed event for Volume is stuck in pending state","OPEN"
1505,"RCA | OSA mzonepo1 | Ceph health has been flapping","OPEN"
1504,"RCA | DAL mzone717 | Pods out of memory (OOM)","OPEN"
1503,"RCA | Staging mzoneu736 | storage-agent pods are not ready","OPEN"
1502,"RCA | WDC Prod   | Observed event for mount Failed","OPEN"
1501,"RCA | LON mzone7a7 | error_deleting_RBD ","OPEN"
1500,"RCA | eu-fr2 |Alert got triggered for the ICL view failed_to_openImage_acadia_agent_eu-fr2","OPEN"
1499,"RCA | FRA | Alert got triggered for the ICL view error_deleting_RBD_acadia_action_agent_eu-de","OPEN"
1498,"RCA | DAL, mzone736 | Alert got triggered for the ICL view error_uprotecting_snapshot_acadia_action_agent_ca-tor-staging","OPEN"
1496,"RCA | DAL_STAGING, mzoneb11 | Ceph health flapping and ceph health warn","OPEN"
1491,"RCA | WDC mzonep52 | cluster capacity is more than 60 percent","OPEN"
1490,"RCA | Sydney (au-syd) REGION| Blockcommit failure during compute action","OPEN"
1489,"RCA | mzone757  us-east | Alert got triggered for the ICL view error_uprotecting_snapshot_acadia_action_agent_us-east","OPEN"
1488,"RCA | WDC mzonep64 | Ceph health has been flapping [WDC] ","OPEN"
1486,"RCA | DAL mzonep12 | Ceph Health Warn mzonep12","OPEN"
1483,"RCA | FRA  | Blockcommit failure during compute action","OPEN"
1482,"RCA | WDC04. | Observed event for Volume is stuck in pending state","OPEN"
1481,"RCA | DAL mzone737 | RSOS Volume Locked due to snapshot","OPEN"
1478,"RCA | SAO05 mzonepv1 | Ceph health has been flapping","OPEN"
1476,"RCA | SYD 2i7 | Blockcommit failure during compute action","OPEN"
1473,"RCA | CHE che-3| RSOS Volume Locked due to zsnap_block_commit","OPEN"
1472,"RCA | FRA mzonecb1 | Ceph health has been flapping","OPEN"
1471,"RCA | DAL | denali fileshare creation is in pending state","OPEN"
1470,"RCA | DAL Stage  | Alert got triggered for the ICL view error_uprotecting_snapshot_acadia_action_agent_ca-tor-staging","OPEN"
1469,"RCA | FRA mzone2b7 | Hydrate cosaction failure","OPEN"
1466,"RCA | tor | Backup service cronjob delayed","OPEN"
1464,"RCA | CA-TOR| Vault agent api failure","OPEN"
1462,"RCA | TOR mzone2q7  | Blockcommit failure during compute action","OPEN"
1458,"RCA | TOR mzone2q7| Blockcommit failure during compute action","OPEN"
1449,"RCA | FRA cb1 | Ceph health flap / OSD down","OPEN"
1448,"RCA | SYD 2i7 | Blockcommit failure during compute action","OPEN"
1447,"RCA | DAL multiple platform mzones p11, p21, p23, p31, p32, p42, p41 | MON_CLOCK_SKEW","OPEN"
1444,"RCA | NGDC Staging | Observed Intial REST-500 Share failures","OPEN"
1443,"RCA | DAL mzone727 | RSOS Volume locked due to snapshot","OPEN"
1442,"RCA | mzone727 mzone717 | storage-agent pods are not ready / Observed Multiple Storage Agent Pods Not Ready","OPEN"
1441,"RCA | CA-tor | mzone736 | ICL view keylore_request_failure_acadia_agent & Storage volume action error failed percent |","OPEN"
1438,"RCA | mzonece1 | MON_CLOCK_SKEW","OPEN"
1437,"RCA | DAL , WDC | Observed Multiple Storage Agent Pods Not Ready, storage-agent pods are not ready","OPEN"
1434,"RCA | DAL-STAGE mzoneb11 | Ceph health has been flapping","OPEN"
1430,"RCA | FRA mzone2d7 | Observed event for Mount Failed","OPEN"
1429,"RCA | LON mzone787 | Storage snapshot action error failed percent","OPEN"
1428,"RCA | FRA, mzone2d7 | Blockcommit failure during compute action","OPEN"
1427,"RCA | WDC mzone757 | Blockcommit failure during compute action","OPEN"
1426,"RCA | TOR mzone2r7 | storage-agent pods are not ready ","OPEN"
1425,"RCA | WDC mzone757 | storage-agent pods are not ready","OPEN"
1424,"RCA | TOR mzonecq1 | Ceph health has been flapping","OPEN"
1416,"RCA | PAR |  Observed event for storagevolume deletion failed","OPEN"
1409,"RCA | DAl US-South | mzone726 | Synthetic Provisioning: Share Mount Target did not reach to stable state after waiting for 10 minutes [Staging]","OPEN"
1408,"RCA | SYD au-syd-3  | Share deletion failure","OPEN"
1406,"RCA | OSA, 2n7 | Pods in crashloopbackoff ","OPEN"
1401,"RCA | FRA 05 Zonal mzonepd1 | Ceph Health Warn mzonepd1","OPEN"
1400,"RCA | TOR  | Backup job action failure","OPEN"
1397,"RCA | SAO | Internal Server Error","OPEN"
1396,"RCA | mzonect1 | Ceph health has been flapping","OPEN"
1390,"RCA | WDC mzone2c7 | unexpected libvirt file type for device, expected qcow2","OPEN"
1385,"RCA | LON  mzone7a7 | Blockcommit failure during compute action ","OPEN"
1384,"RCA | CA-MON mzone2 | [stg-backup-icl-005] RC Registration Failed due to unrecoverable error","OPEN"
1383,"RCA | SYD mzone2i7| Blockcommit failure during compute action","OPEN"
1382,"RCA | DAL, mzonep11 | Ceph health has been flapping","OPEN"
1381,"RCA | SYD -2j7 | Blockcommit failure during compute action","OPEN"
1378,"RCA | DAL 717 | Blockcommit failure during compute action","OPEN"
1377,"RCA | NGDC CHE| RSOS Volume Locked due to zsnap_block_commit","OPEN"
1376,"RCA | TOK all mzones | multiple pods in crashloop back off","OPEN"
1374,"RCA | WDC mzonep63 | Ceph Health Warn and Ceph Health Flap","OPEN"
1371,"RCA | PAR  - mzonepm1 | Ceph Health Warn mzonepm1","OPEN"
1370,"RCA | SYD mzone2i7   |  Blockcommit failure during compute action","OPEN"
1364,"RCA | DAL Stage 736 | Alert got triggered for the ICL view keylore_request_failure_encryption_acadia_encryption_controller...","OPEN"
1363,"RCA | TOK mzonece1 | Ceph health has been flapping","OPEN"
1362,"RCA | au-syd-1 ZONE | syd1-qz1-sr3-rk086-s28   genctl  cos-action-controller-84c4b874f6-kzrl8   0/2     PodInitializing","OPEN"
1360,"RCA | LON mzonep91 | ceph health flapping <slow_ops>","OPEN"
1359,"RCA | BNPP mzone2l7  | RSOS Volume Locked due to snapshot","OPEN"
1358,"RCA | DAL mzone727  | RSOS Volume Locked due to snapshot","OPEN"
1357,"RCA | DAL mzone736 | Observed Event for Regional Volume Failed","OPEN"
1354,"RCA | MAD mzonecw1 Ceph Health Warn mzonecw1, Cluster network delayed OSD heartbeats, PG Availability....","OPEN"
1352,"RCA for CS4438894 | MAD  | High response time for Denali FS","OPEN"
1350,"RCA | MAD mzone2y7   | [stg-backup-icl-013] Instance backup job action failure","OPEN"
1349,"RCA | mzone2y7  | RSOS Volume Locked due to zsnap_block_commit","OPEN"
1348,"RCA | DAL mzone736  | storage-agent pods are not ready","OPEN"
1341,"RCA | DAL | RSOS Volume Locked due to snapshot","OPEN"
1340,"RCA | PAR BNPP [stg-backup-icl-030] Vault agent api failure","OPEN"
1339,"RCA | SYD INC10752705 - Alert got triggered for the ICL view keylore_request_failure_encryption_acadia_encryption_controller.","OPEN"
1338,"RCA | SYD 2i7 | Storage volume action error failed percent","OPEN"
1337,"RCA | TOK Pods in crashloopbackoff","OPEN"
1336,"RCA | OSA mzone2n7 Storage pool updates are delayed","OPEN"
1335,"RCA | DAL mzonec11 Ceph health status has been flapping.","OPEN"
1334,"RCA | LON - lon04 | Increased latency for Share Provisioning Operation","OPEN"
1331,"RCA | CHE | RSOS Volume Locked due to zsnap_block_commit","OPEN"
1330,"RCA | STAGING mzone716 Storage volume action error failed percent [US-SOUTH-STAGE] ","OPEN"
1329,"RCA | PAR mzoneck1 Acadia node network interface missing for regional cluster","OPEN"
1328,"RCA | mzonep72 | Ceph health has been flapping","OPEN"
1327,"RCA | DAL mzone717 | Pods out of memory (OOM)","OPEN"
1326,"RCA | mzonep62 | Ceph health has been flapping","OPEN"
1325,"RCA | DAL-STAGING Observed Event for Regional Volume Failed","OPEN"
1324,"RCA | DAL-STAGING  Alert got triggered for the ICL view Storagevolume_failed_in_lock_acadia_snapshot_controller_ca-tor-","OPEN"
1323,"RCA | DAL mzonep23 PG Availability issue, OSD Down","OPEN"
1315,"RCA | LON Customer snapshot failed - InternalError ","OPEN"
1314,"RCA | SAO mzonect1 Ceph health has been flapping","OPEN"
1306,"RCA | FRA Observed Multiple Storage Agent Pods Not Ready","OPEN"
1305,"RCA | FRA  Zonal file pod is in crashloopbackoff state","OPEN"
1304,"RCA |  SAO INC10718972 - One of the KMIP pod is unavailable","OPEN"
1303,"RCA |  DAL STAGING  | INC10717120 Observed Event for Regional Volume Failed","OPEN"
1300,"RCA | WDC | Multiple Snapshot Handshake Failure - SnapshotLimitReached.","OPEN"
1299,"RCA | WDC | Backup service pods restart","OPEN"
1297,"RCA | LON 787 | Share replica snapshot creation failed","OPEN"
1296,"RCA | FRA 2b7 | RSOS Volume Locked due to snapshot","OPEN"
1286,"RCA | FRA mzone2b7 | Hydrate COS Action failure","OPEN"
1279,"RCA | SYD mzone2j7 | Share deletion failure","OPEN"
1278,"RCA | DAL Staging | Observed Event for Regional Volume Failed","OPEN"
1277,"RCA | NGDC Stage |  Observed Intial REST-500 Share failures","OPEN"
1275,"RCA | SAO mzonepu1, mzonepv1 | MON_CLOCK_SKEW","OPEN"
1274,"RCA | WDC mzonep53 | Ceph Health Warn mzonep53","OPEN"
1268,"RCA | mzonech1 | Ceph health has been flapping","OPEN"
1267,"RCA | WDC - wdc06 | [stg-backup-icl-010] Backup job action failure","OPEN"
1263,"RCA | DAL | Block Commit Failure","OPEN"
1262,"RCA |DAL1 mzone716 |keylore_request_failure_encryption_acadia_encryption_controller","OPEN"
1260,"RCA | FRA , fra04 | [stg-backup-icl-014] Instance backup job action failure - service_error","OPEN"
1259,"RCA | FRA 2b7 | Observed latency in attaching volume","OPEN"
1257,"RCA | STAGE S21 | OSD Host Down","OPEN"
1256,"RCA | FRA CB1 | Ceph health has been flapping","OPEN"
1255,"RCA | Stage - S21 | Ceph Health Warn mzones21","OPEN"
1251,"RCA | WDC, C51 | Ceph health has been flapping","OPEN"
1250,"RCA | SYD PJ1 | Ceph health has been flapping","OPEN"
1247,"RCA | Stage - mzoneb11 | Ceph mon number is even, must be uneven","OPEN"
1245,"RCA | BNPP, 2k7 | Blockcommit failure during compute action","OPEN"
1243,"RCA | LON - mzonep91 | Ceph health has been flapping","OPEN"
1242,"RCA | TOK, mzone | Acadia node memory high utilization","OPEN"
1241,"RCA | TOR, mzonepq1 | Ceph mon quorum is at risk","OPEN"
1240,"RCA | FRA 02 | Vault agent api failure","OPEN"
1239,"RCA | Chennai , zone 1 | Observed share orchestration failure for create flow.","OPEN"
1238,"RCA | OSA - 2p7 | Observed event for Mount Failed","OPEN"
1235,"RCA | DAL mzonec11 | Ceph health has been flapping","OPEN"
1234,"RCA | Dal mzone737| RSOS Volume Locked due to snapshot","OPEN"
1233,"RCA | Dal mzone747 | Multiple Snapshot Handshake Failure - SnapshotLimitReached","OPEN"
1232,"RCA | DAL, 747 | Multiple Snapshot Handshake Failure - SnapshotLimitReached","OPEN"
1229,"RCA | TOR, 2q7 | Observed Event for Regional Volume Failed","OPEN"
1228,"RCA | BNPP, 2k7 | Blockcommit failure during compute action","OPEN"
1226,"RCA | DAL mzone717-zonelet2| Pods in crashloopbackoff","OPEN"
1225,"RCA | Chennai , zone1 | RSOS Volume Locked due to snapshot","OPEN"
1224,"RCA | WDC - P71 | Ceph Health Warn mzonep71","OPEN"
1223,"RCA | DAL Region | Blockcommit failure during compute action","OPEN"
1222,"RCA | LON mzonep91 | Ceph health has been flapping","OPEN"
1221,"RCA | MAD  mzonecw1 | Ceph Health Warn mzonecw1","OPEN"
1218,"RCA | SYD05 mzone2i7 | Alert got triggered for the ICL view keylore_request_failure_encryption_acadia_encryption_controller_86bc8549fd-tsbrv","OPEN"
1214,"RCA | PAR06 mzone2m7  | RSOS Volume Locked due to zsnap_block_commit","OPEN"
1207,"RCA | DAL  mzonep22 | Acadia node network interface missing for zonal cluster","OPEN"
1203,"RCA | DAL 737, FRA 2b7 | CIE - Image imports taking too long to complete","OPEN"
1202,"RCA | BNPP regional | CIE - Denali shares failing mount","OPEN"
1193,"RCA | FRA mzonecb1 | Acadia node network interface missing for regional cluster","OPEN"
1192,"RCA | DAL 737| storage agent pods are not ready","OPEN"
1188,"RCA | DAL mzone717 | Observed latency in attaching volume","OPEN"
1187,"RCA | WDC staging mzone756  | Alert got triggered for the ICL view keylore_request_failure_encryption_acadia_encryption_controller...","OPEN"
1186,"RCA | OSA mzonepp1, TOK mzonece1, pe1, pf1 | Ceph health warn","OPEN"
1183,"RCA | DAL2  | Mount Failures in DAL due to Failed to resolve server ","OPEN"
1180,"RCA | SYD. | RSOS Volume Locked due to snapshot","OPEN"
1177,"RCA | BNPP | [stg-backup-icl-014] Instance backup job action failure - service_error","OPEN"
1174,"RCA |SYD  | RSOS Volume Locked due to snapshot","OPEN"
1168,"RCA | DAL STAGING | Snapshot state changed from TRANSFERRING to TRANSFERFAILED","OPEN"
1167,"RCA | CHENNAI | RSOS Volume Locked due to snapshot","OPEN"
1166,"RCA | SYD | Pods in crashloopbackoff","OPEN"
1165,"RCA | DAL Staging  mzoneb11 | Acadia node textfile scrape error","OPEN"
1161,"RCA | DAL mzone727 | Pods in crashloopbackoff","OPEN"
1160,"RCA | LON mzone7a7 | Alert got triggered for the ICL view Storagevolume_failed_in_lock_acadia_snapshot_controller_eu-gb","OPEN"
1149,"RCA | FRA  [stg-backup-icl-014] Instance backup job action failure - service_error","OPEN"
1146,"RCA | WDC mzonep64 | OSD Slow Op, OSD Slow Heart Beats ....","OPEN"
1145,"RCA | DAL mzonec11 | Ceph health has been flapping","OPEN"
1144,"RCA | DAL mzonec11 | Acadia node memory high utilization","OPEN"
1141,"RCA | LON mzonep91 | Ceph health has been flapping","OPEN"
1140,"RCA | LON mzonec81 | Ceph health has been flapping","OPEN"
1139,"RCA | FRA mzone2c7 | RSOS Volume Locked due to zsnap_block_commit","OPEN"
1137,"RCA | WDC mzonec51  | Ceph health has been flapping","OPEN"
1136,"RCA | NDGC stage mzone Dallas NGDC Test | FlexVol creation on Netapp failure","OPEN"
1135,"RCA | WDC mzonep61 | Ceph Health Warn","OPEN"
1134,"RCA | LON mzone7a7 | Alert got triggered for the ICL view timeout_waiting_for_response_from_server_acadia_agent_eu-gb","OPEN"
1133,"RCA | mzone736 | High CPU Usage","OPEN"
1132,"RCA | TOR mzone2q7 | Pod image pull backoff","OPEN"
1127,"RCA | Chennai | RSOS Volume Locked due to zsnap_block_commit","OPEN"
1126,"RCA | Chennai | Observed share orchestration failure for create flow","OPEN"
1122,"RCA | SYD |  CSTASK0055326 Endpoint timeout during tags and updating backup size","OPEN"
1121,"RCA | FRA rias-ng-eu-de-fra04-prod | RSOS Volume locked due to Snapshot","OPEN"
1115,"RCA | Sao Paulo | Share replica teardown failure","OPEN"
1079,"RCA | SYD - Mzone2i7 | Storage volume action error failed percent","OPEN"
1077,"RCA | PAR mzoneck1 | Ceph Health has been Flapping & Ceph Health Warn","OPEN"
1076,"RCA | DAL rias-ng-us-south-dal12-prod | Snapshot state changed from TRANSFERRING to TRANSFERFAILED","OPEN"
1074,"RCA | SYD, mzonech1 | Ceph health has been flapping","OPEN"
1073,"RCA | WDC - 777 | zonal_image_image_notFound_acadia_zonalimage_controller","OPEN"
1070,"RCA | DAL Staging Mzone 726/736 | action_agent_err_disconnect_qcow2_acadia_action_agent","OPEN"
1069,"RCA | LON, 7a7 | Storagevolume_failed_in_lock_acadia_snapshot_controller_eu-gb","OPEN"
1066,"RCA | LON  - 7a7 | error_deleting_RBD_acadia_action_agent_eu-gb","OPEN"
1065,"RCA | LON | error_opening_ceph_volume_for_snapshot_image_acadia_action_agent","OPEN"
1063,"RCA | LON - 7a7 | Storage snapshot action error pending","OPEN"
1062,"RCA | WDC | zonal_image_image_notFound_acadia_zonalimage_controller","OPEN"
1059,"RCA | Chennai | RSOS Volume Locked due to snapshot","OPEN"
1058,"RCA | DAL Stage mzoneb11 | Ceph Health Error","OPEN"
1057,"RCA | WDC  767 | Storage volume action error failed percent","OPEN"
1056,"RCA | DAL Stage mzoneb11 | Ceph health has been flapping","OPEN"
1051,"RCA | SAO mzonepv1 | Ceph health has been flapping","OPEN"
1050,"RCA | SYD mzonepj1 | OSD Host Down","OPEN"
1047,"RCA | FRA 2b7 | Observed event for storagevolume deletion failed ","OPEN"
1046,"RCA | DAL mzonec11 | Ceph health has been flapping","OPEN"
1045,"RCA | WDC mzonep53 | Ceph health has been flapping","OPEN"
1044,"RCA | SAO mzonect1 | Ceph Health Warn mzonect1","OPEN"
1036,"RCA | TOK mzonepf1 | Acadia node network interface missing for zonal cluster","OPEN"
1033,"RCA | Dal, 717 | Pods in crashloopbackoff","OPEN"
1025,"RCA | FRA mzonepd1 | BLUESTORE_SLOW_OP_ALERT","OPEN"
1021,"RCA | DAL mzonec11 | PG Availability issue","OPEN"
1019,"RCA | NGDC CHE zone-3 | RSOS Volume Locked due to zsnap_block_commit","OPEN"
1017,"RCA | WDC p62. | CS4404398 - When using block volumes in IKS, we are seeing some disk slowness getting reported in kernel logs","OPEN"
1016,"RCA | DAL mzonec11 | Ceph Health Warn | Slow Ops","OPEN"
1014,"RCA | mzone7a7  | Alert got triggered for the ICL view Storagevolume_failed_in_lock_acadia_snapshot_controller_eu-gb","OPEN"
1013,"RCA | OSA, mzone2o7 | Blockcommit failure during compute action","OPEN"
1009,"RCA | FRA mzonecb1 | Cephadm failed daemon","OPEN"
1006,"RCA | Dal Staging mzone726 |  SDP boot volume using encryption, issues with RHCOS ignition with SDP boot disks + user managed KMS encryption for boot disk","OPEN"
1004,"RCA | DAL mzone717 | Pods in crashloopbackoff","OPEN"
999,"RCA | WDC mzone757 | timeout_waiting_for_response_from_server_acadia_acadia_storage_device_controller","OPEN"
993,"RCA | NGDC Staging | Smoke failure for Storage - Backup service","OPEN"
990,"RCA | TOK  | Customer snapshot failed - LibvirtSnapshotFailed","OPEN"
989,"RCA | WDC mzonep72 | OSD Near full, Pool near full","OPEN"
987,"RCA | SAO | Regional volume failed","OPEN"
983,"RCA | PAR mzonepm1 | Public network delayed OSD heartbeats  ","OPEN"
982,"RCA | MON  | [stg-backup-icl-030] Vault agent api failure","OPEN"
980,"RCA | TOK mzonece1| Public network delayed OSD heartbeats","OPEN"
979,"RCA | LON 7a7 | Storage snapshot action error failed percent","OPEN"
977,"RCA | FRA mzone2b7 | Blockcommit failure during compute action","OPEN"
975,"RCA | syd mzone2i7 |  [Acadia-SRE]-Storage volume action error failed percent [SYD]","OPEN"
972,"RCA | FRA  mzone2c7 | Synthetic Provisioning: VSI creation failure, create operation executed 15 minutes ago","OPEN"
967,"RCA | ca-tor | Observed Event for Regional Volume Failed","OPEN"
966,"RCA | TOR PS1 | More than 10% of OSD's are down","OPEN"
964,"RCA | WDC 04 | Internal Server Error","OPEN"
962,"RCA | NGDC staging | FlexVol creation on Netapp failure","OPEN"
961,"RCA | Tokyo mzone2g7 | Pod image pull back off","OPEN"
960,"RCA | Sydney mzone2i7| Storage volume action error failed percent","OPEN"
957,"RCA | SYD mzone2i7 | Share replica snapshot creation failed","OPEN"
952,"RCA | DAL Staging | Error disconnecting qcow2 file from nbd device","OPEN"
951,"RCA | DAL 10 | Customer snapshot failed - LibvirtSnapshotFailed","OPEN"
945,"RCA | DAL staging | SPC failures for share in staging environment","OPEN"
942,"RCA | NIC detection issue in multiple clusters ","OPEN"
940,"RCA | FRA mzone2c7 | Observed latency in attaching volume","OPEN"
938,"RCA | SYD mzonech1 | Multiple Alerts received - Network outage","OPEN"
935,"RCA | LON rias-ng-eu-gb-lon05-prod | RSOS Volume locked due to snapshot","OPEN"
933,"RCA | DAL 717 | Customer snapshot failed - LibvirtSnapshotFailed","OPEN"
929,"RCA | DAL staging - 716 | Observed Event for Regional Volume Failed","OPEN"
928,"RCA | TOR | storage-agent pods are not ready","OPEN"
927,"RCA | BNPP | [stg-backup-icl-013] Instance backup job action failure","OPEN"
924,"RCA | SAO mzone2t7 | RSOS Volume Locked due to zsnap_block_commit","OPEN"
918,"RCA | Chennai | Observed Event for Regional share creation failed and Multiple share incidents in Chennai region","OPEN"
917,"RCA | DAL,727 | Smoke test failure for image stuck in pending state","OPEN"
909,"RCA | DAL, mzone717 | Observed event for storagevolume deletion failed","OPEN"
908,"RCA | TOK, mzonece1 | Ceph Health Warn mzonece1","OPEN"
900,"RCA | WDC | Blockcommit failure during compute action","OPEN"
899,"RCA | SAO, 2t7 | RSOS Volume Locked due to zsnap_block_commit","OPEN"
898,"RCA | WDC | Customer snapshot failed - LibvirtSnapshotFailed","OPEN"
892,"RCA | SAO, 2v7 | Synthetic Provisioning: Configure and mount an NFS share on a VPC VSI","OPEN"
891,"RCA | WDC,777 | Multiple Snapshot Handshake Failure - SnapshotLimitReached.","OPEN"
888,"RCA | DAL mzonec11, mzoneb11 | CEPH Health Error","OPEN"
886,"RCA | DAL mzone717 | Pod in evicted state","OPEN"
881,"RCA | WDC mzone 767 |  Storage volume action error failed percent","OPEN"
878,"RCA | dal stage us-south  | Synthetic Provisioning: Configure and mount an NFS share on a VPC VSI","OPEN"
874,"RCA | WDC04, mzone757 | INC9847447, Storage pool is over provisioned","OPEN"
872,"RCA | SYD-01 | need restore the image and data volume from a corrupted VSI","OPEN"
870,"RCA |DAL Staging | error_mounting_temp_storage","OPEN"
869,"RCA | SAO sao05 | Vault agent api failure","OPEN"
860,"RCA | US-South Dal 13 | High Memory Usage for RFOS pod","OPEN"
853,"RCA | LON06 | no data flowing from mzonepa1","OPEN"
843,"RCA | DAL-12 US-South Prod | RSOS Volume Locked due to snapshot","OPEN"
842,"RCA | Dallas NGDC Test STAGING | Observed smt create failure","OPEN"
838,"RCA | SAO - mzone2u7 |  Observed event for storagevolume deletion failed","OPEN"
837,"RCA | WDC 767 | Customer snapshot failed - LibvirtSnapshotFailed","OPEN"
834,"RCA | DAL 717 | Observed event for storagevolume deletion failed","OPEN"
833,"RCA | LON mzone7a7 | Pods in crashloopbackoff","OPEN"
827,"RCA | DAL  717 | Storage volume action error failed percent","OPEN"
821,"RCA | FRA | Observed Latency Attaching Volume","OPEN"
820,"RCA | SYD | Zonal file share deletion failure","OPEN"
819,"RCA | TOK, SAO, OSA  | Denali Ceph nsf backend de-provision failure","OPEN"
818,"RCA | mzonep42 | SLOW_OP","OPEN"
817,"RCA | MAD | Regional Pod in Crashloopback State","OPEN"
811,"RCA | FRA prod mzone2b7, mzone2c7 | Storage pool updates are delayed","OPEN"
810,"RCA | OSA osa21 | Backup service pods restart","OPEN"
806,"RCA | WDC mzone767 | Storage volume action error failed percent","OPEN"
805,"RCA | BNPP mzoneck1 | Ceph Health Warn mzoneck1","OPEN"
804,"RCA | BNPP mzonepl1 | Monitor Service Down/Ceph Health Warn/CEPHADM Host Check Failed/Ceph mon quorum is at risk ","OPEN"
803,"RCA | BNPP mzone2k7 | Observed Event for Regional Volume Failed","OPEN"
802,"RCA | TOK mzonece1 | ceph health warn","OPEN"
799,"RCA | DAL Stage mzoneb11  | Ceph mon quorum is at risk","OPEN"
794,"RCA | WDC mzone777 | cluster exceeded 80% of the overprovisioning percentage","OPEN"
793,"RCA | BR-SAO-PROD  mzonect1 | Sysdig metrics absent","OPEN"
779,"RCA | MON  Share delete failed","OPEN"
777,"RCA | MON ca-mon | RSOS Volume Locked due to zsnap_block_commit","OPEN"
776,"RCA | TOR - 2r7, 2s7. | INC9668958 - Observed Multiple Storage Agent Pods Not Ready","OPEN"
775,"RCA | LON | RSOS Volume Locked due to snapshot","OPEN"
767,"RCA | PAR | Observed Event for Key Protect Errors","OPEN"
766,"RCA | TOK jp-tok-tok05 | Customer snapshot failed - LibvirtSnapshotFailed","OPEN"
763,"RCA | DAL 727, 737 | OOM issue in several pods","OPEN"
761,"RCA | OSA cn1 | Sysdig metrics absent (due to osprey migration)","OPEN"
760,"RCA | FRA, mzonecb1 | Public network delayed OSD heartbeats, Cluster network delayed OSD heartbeats","OPEN"
759,"RCA | SYD | [stg-backup-icl-053] Backup job action failure - source_snapshot_state","OPEN"
758,"RCA | SAO |  br-sao-3 for Observed Event for Regional Volume Failed","OPEN"
755,"RCA | WDC 757 | Storage volume action error failed percent","OPEN"
750,"RCA | Any region | Alert not snoozed during platform deployment","OPEN"
748,"RCA | OSA jp-osa-2 | Observed Event for Regional Volume Failed","OPEN"
747,"RCA | WDC 07 | Observed Event for Key Protect Errors","OPEN"
745,"RCA | SYD | Backup job action failure - source_snapshot_state","OPEN"
744,"RCA | DAL , 717 | Customer snapshot failed - LibvirtSnapshotFailed","OPEN"
740,"RCA | DAL mzonec11 | Acadia Node System Saturation","OPEN"
739,"RCA | WDC mzone777 | Storage volume action error failed percent","OPEN"
738,"RCA | DAL mzone727 | Multiple zonal Snapshot pod restarts","OPEN"
737,"RCA | SYD 04 | Backup service pods restart","OPEN"
735,"RCA | BNPP mzone2l7 | Zonal Snapshot Delete Job Queue count increasing","OPEN"
734,"RCA | DAL mzone757 | storage-agent pods are not ready , Observed Multiple Storage Agent Pods Not Ready","OPEN"
733,"RCA | MAD mzonecw1 | Acadia Node System Saturation","OPEN"
732,"RCA | MAD mzonecw1 | Acadia Node System Saturation","OPEN"
728,"RCA | Dal10 | High CPU Usage for regional storage pods","OPEN"
724,"RCA | All prod | Regional Share metrics is not emitted","OPEN"
722,"RCA | CA-MON | Observed flexvol creation failure","OPEN"
719,"RCA | SAO Regional | Backup service pods restart","OPEN"
709,"RCA | WDC, DAL  | [stg-backup-icl-034] Event notification endpoint unavailable","OPEN"
708,"RCA | MAD, WDC, DAL  |  [stg-backup-icl-041] Backup job action failure - source_volume_unusable","OPEN"
700,"RCA | DAL | High CPU Usage for regional storage pods","OPEN"
699,"RCA | BNPP mzone2k7  | RSOS Volume Locked due to snapshot","OPEN"
697,"RCA | BNPP | Customer snapshot failed - LibvirtSnapshotFailed","OPEN"
686,"RCA | PAR regional storage PODs crashing | ","OPEN"
685,"RCA | CA-MON |  Vault agent sealed ","OPEN"
681,"RCA | LON mzonep91 | CEPHADM_HOST_CHECK_FAILED","OPEN"
680,"RCA | Staging mzones21 |  Spikes in health","OPEN"
679,"RCA | Tor ca-tor mzonecq1 | CEPHADM_APPLY_SPEC_FAIL ","OPEN"
675,"RCA | TOK  | Backup job action failure - source_snapshot_state","OPEN"
673,"RCA |  TORONTO ca-tor  | Backup service cronjob delayed","OPEN"
672,"RCA | TOK  | Backup job action failure - source_snapshot_state","OPEN"
663,"RCA | LON | Backup service cronjob delayed","OPEN"
648,"RCA | DAL [mzone717] | Customer snapshot failed - LibvirtSnapshotFailed ","OPEN"
647,"RCA | TOR, 2q7 | Pod image pull backoff","OPEN"
645,"RCA | [dal stage regional]mzoneb11 | Ceph health warn Slow OPS","OPEN"
641,"RCA | [tokyo] [mzone2e7] | Customer snapshot failed - LibvirtSnapshotFailed","OPEN"
640,"RCA | [paris] [mzone2k7] | RSOS Volume Locked due to snapshot","OPEN"
639,"RCA | dal-prod [mzone272] | Zonal snapshot pod is in crashloopbackoff state","OPEN"
636,"RCA | TOK mzone2e7 | Customer snapshot failed - LibvirtSnapshotFailed","OPEN"
632,"RCA | PAR mzone2l7 | Observed Event for Key Protect Errors","OPEN"
628,"RCA | us-south-prod [mzone717] | Customer snapshot failed - LibvirtSnapshotFailed","OPEN"
626,"RCA | us-south-staging mzone726 | error_writing_to_target_image_acadia_action_agent","OPEN"
608,"RCA | BNPP  | Customer snapshot failed - LibvirtSnapshotFailed","OPEN"
597,"RCA | DAL - mzoneb51 | PG Availability issue","OPEN"
595,"RCA | All prod regions | INC9373462","OPEN"
588,"RCA | SYD  | Customer snapshot failed - LibvirtSnapshotFailed","OPEN"
585,"RCA | BNPP-PAR04 | Hydrate COS Action failure","OPEN"
584,"RCA | MON prod - zone3 | Blockcommit failure during compute action","OPEN"
583,"RCA | DAL , .... | Storage pool offline","OPEN"
582,"RCA | BNPP par04 (regional) | High Memory Usage for regional-storage","OPEN"
581,"RCA | jp-osa | Backup service pods restart","OPEN"
577,"RCA | FRA mzone2c7, mzone2b7, mzone2d7 | Acadia Genctl Sysdig metrics absent","OPEN"
575,"RCA | BNPP 2k7 | Customer snapshot failed - LibvirtSnapshotFailed","OPEN"
564,"RCA | MON  | Snapshot state changed from TRANSFERRING to TRANSFERFAILED","OPEN"
563,"RCA | MAD | [stg-backup-icl-013] Instance backup job action failure","OPEN"
557,"RCA | SYD04 mzonepi1 | Ceph health warn and PG Availability issue","OPEN"
556,"RCA | DAL staging mzone736 | Pod High CPU","OPEN"
553,"RCA | WDC07 mzonep72 | High inode usage alert","OPEN"
550,"RCA | TOK  | Blockcommit failure during compute action","OPEN"
547,"RCA | US_SOUTH STAGE mzoneb51 | Cluster network delayed OSD heartbeats | Public network delayed OSD heartbeats","OPEN"
546,"RCA | Fra mzonecb1  | Sysdig metrics absent","OPEN"
545,"RCA | MAD02  eu-es | Snapshot state changed from TRANSFERRING to TRANSFERFAILED","OPEN"
543,"RCA | br-sao mzonect1 | PG Availability issue","OPEN"
541,"RCA | eu-es Madrid mzonecw1 | Sysdig Metrics Absent","OPEN"
538,"RCA | Tokyo jp-tok | Blockcommit failure during compute action","OPEN"
537,"RCA | ca-tor mzonecq1 |  Monitor Service Down","OPEN"
535,"RCA | EU-ES, px1 | Acadia Node High Inode Usage","OPEN"
533,"RCA | US_SOUTH_STAGE mzoneb11 | Storage pool is offline","OPEN"
532,"RCA | US_SOUTH-STAGE, mzoneb11 | Acadia Node System Saturation","OPEN"
531,"RCA | DAL STAGE mzone b11 | Ceph Health Warn","OPEN"
526,"RCA | WDC mzonep73  US-EAST  |  Ceph Health Warn","OPEN"
525,"RCA | TOK mzone2e7 | Customer snapshot failed - LibvirtSnapshotFailed","OPEN"
524,"RCA | BNPP mzone2k7 | Hydrate COS Action failure","OPEN"
523,"RCA | TOK mzonece1  | Ceph mon quorum is at risk","OPEN"
522,"RCA | TOK mzone2e7 mzone2f7 mzone2g7 | Storage pool is offline","OPEN"
518,"RCA | PAR04 mzonepk1 | PG Availability issue [EU-FR2-PROD]","OPEN"
516,"RCA | SAO SAO04 | Observed Event for Regional Volume Failed","OPEN"
511,"RCA | TOK mzone2e7, 2g7, 2f7 | Blockcommit failure during compute action","OPEN"
510,"RCA | WDC STG mzoneb51 | High inode Usage","OPEN"
500,"RCA | OSA mzone207 | Observed event for Mount Failed","OPEN"
497,"RCA | TOK  | Customer snapshot failed - LibvirtSnapshotFailed","OPEN"
494,"RCA | SAO | Backup service unavailable","OPEN"
493,"RCA | DAL DAL10 | Backup service pods restart","OPEN"
487,"RCA | DAL rias-ng-us-south-dal10-preprod | Customer snapshot failed - LibvirtSnapshotFailed","OPEN"
473,"RCA | SAO Mzone2v7 | Observed Event for Regional Volume Failed","OPEN"
465,"RCA | FRA mzonepb1| Ceph mon quorum is at risk","OPEN"
446,"RCA | OSA mzone2o7 , mzone2n7, mzone2p7 | Storage pool is offline","OPEN"
434,"RCA | WDC mzone p52 | Ceph mon quorum is at risk","OPEN"
433,"RCA | TOR  [mzone2r7]  | Synthetic Provisioning: VSI deletion failure, delete operation executed 10 minutes ago","OPEN"
432,"RCA | BNPP 2k7 | Observed Event for Regional Volume Failed","OPEN"
431,"RCA | MON, zone-1 | Pod image pull backoff","OPEN"
430,"RCA | us-south-staging [mzoneb11] | Cluster network delayed OSD heartbeat","OPEN"
429,"RCA | SAO, SYD, PAR, TOR | Hydrate COS Action failure","OPEN"
428,"RCA | SYD - 2h7, 2i7, 2j7 | Hydrate COS Action failure","OPEN"
427,"RCA | DAL staging | Backup service cronjob delayed","OPEN"
424,"RCA | DAL 717| Blockcommit failure during compute action","OPEN"
422,"RCA | Tokyo 2e7 | Blockcommit failure during compute action","OPEN"
421,"RCA | Staging 716 | Alert got triggered for the ICL view error_updating_head_snapshot_acadia_volume_provisioner_ca-tor-s...","OPEN"
419,"RCA | TOR tor05 | Failure to delete backup policy","OPEN"
417,"RCA | LON Mzone7a7 | failed_to_get_deleting_snapshots_parent_snapshot_acadia_snapshot_controller_eu-gb_slack_presence","OPEN"
415,"RCA | DAL Staging b11 | Ceph health warn","OPEN"
413,"RCA | DAL 10 | Customer snapshot failed - LibvirtSnapshotFailed","OPEN"
411,"RCA | SYD rias-ng-au-syd-syd04-prod | [stg-backup-icl-010] Backup job action failure","OPEN"
409,"RCA | LON mzonep91 | High inode Usage","OPEN"
407,"RCA | DAL 12 | Customer snapshot failed - LibvirtSnapshotFailed","OPEN"
406,"RCA | WDC p72, .... | Ceph health warn","OPEN"
404,"RCA | DAL Staging 716 | error_removing_soft_deleted_RBD_volume_acadia_action_agent_ca-tor-staging_slack_presence","OPEN"
375,"RCA | us-south-stg_mzone736 |  Blockcommit failure during compute action","OPEN"
324,"RCA | DAL STG mzone716 | failed_to_get_deleting_snapshots_parent_snapshot_acadia_snapshot_controller","OPEN"
320,"RCA | LON PRD Mzonep81 | Ceph Health Warn","OPEN"
319,"RCA | FRA all mzones | Hydrate COS Action failure (Snapshots)","OPEN"
314,"RCA | PRD FRA mzonecb1 | ceph mon quorum is at risk in mzonecb1 [EU-DE-PROD]","OPEN"
305,"RCA | US-SOUTH-STAGE mzoneb11 | PG Availability issue","OPEN"
280,"RCA | WDC mzone757| Pods out of memory (OOM) [ALL-PROD] ","OPEN"
278,"RCA | WDC mzone767 | createClientKey_failed_acadia_storage_device_controller","OPEN"
277,"RCA | STG DAL mzone716 | updateAcadiaAction_failed_acadia_snapshot_controller_ca-tor-staging_slack_presence","OPEN"
276,"RCA | wdc mzone757 | update_SV_failed_adding_HeldBySnapshot","OPEN"
275,"RCA |FRA mzone2b7 | error_removing_soft_deleted_RBD_volume_acadia_action_agent","OPEN"
274,"RCA | Staging 716 | error_locking_volume_acadia_snapshot_controller","OPEN"
273,"RCA | staging mzone716 | High CPU Usage > 80%","OPEN"
260,"RCA | DAL Staging  mzone726 , | Storagevolume_failed_in_lock_acadia_snapshot_controller_ca-tor-staging_slack_presence","OPEN"
